брюс ли	267662
почему путин краб	151502
джет ли	122056
че гевара	106990
генри ли лукас	57102
вивьен ли	53196
Ли Цинъюнь	47328
где родился Наполеон	44502
сколько лет жанне фриске	43100
ли мин хо	42659
где жена путина	41560
сколько лет селене гомес	36292
в каком году родилась Елизавета II	34717
когда родился Иван Грозный	34413
в каком году родился Николай II	34272
в чем вина фатмагуль	32354
почему путин краб медведев шмель а ленин гриб	29869
некрасов кому на руси жить хорошо	29843
что будет если забанить павла дурова	29659
сколько лет пугачевой	28391
что любил делать шерлок холмс 100 к 1	28000
почему собчак ушла из дома 2	27799
томми ли джонс	27523
в каком году родился Нельсон	26239
кто это Клумпе-Думпе?	26027